Title,Authors,Venue,Year,Abstract,Link
Exploring author gender in book rating and recommendation,"['MD Ekstrand', 'M Tian', 'MRI Kazi']",â€¦ on recommender â€¦,2018,"is a prerequisite to assessing the ethical, legal, moral, and  how recommender systems  interact with author gender in book  the distribution of author genders in existing book data sets",https://dl.acm.org/doi/abs/10.1145/3240323.3240373
The unfairness of popularity bias in book recommendation,"['M Naghiaei', 'HA Rahmani', 'M Dehghan']",â€¦ in Search and Recommendation,2022,"study popularity bias in state-of-the-art book recommendation algorithms.  recommendation  algorithms using Cornac Footnote 3 , which is a Python-based open source recommendation",https://link.springer.com/chapter/10.1007/978-3-031-09316-6_7
Investigation on human rights ethics in artificial intelligence researches with library literature analysis method,['Z Miao'],The Electronic Library,2019,ethical dilemma encountered in the application and development of AI technology has  been focused on and analyzed in detail in the light of the existing research status of AI ethics.,https://www.emerald.com/insight/content/doi/10.1108/EL-04-2019-0089/full/html
A study of position bias in digital library recommender systems,"['A Collins', 'D Tkaczyk', 'A Aizawa', 'J Beel']",arXiv preprint arXiv:1802.06565,2018,"of position bias in recommender systems, and  bias in recommender systems for digital  libraries, to the best of our knowledge. Recommender system studies do not usually assess bias",https://arxiv.org/abs/1802.06565
Ethical artificial intelligence (AI): confronting bias and discrimination in the library and information industry,['HR Saeidnia'],Library Hi Tech News,2023,"the ethical implications of artificial intelligence (AI) in the library and information industry,  specifically focusing on bias  that AI technology is developed and implemented in an ethical and",https://www.emerald.com/insight/content/doi/10.1108/LHTN-10-2023-0182/full/html
Representation of libraries in artificial intelligence regulations and implications for ethics and practice,['F Bradley'],â€¦ of the Australian Library and Information Association,2022,and information professionals will need training and ongoing learning to enable us to  understand and apply principles for ethical AI in our business practices.â€™ (Australian Library and,https://www.tandfonline.com/doi/abs/10.1080/24750158.2022.2101911
Hidden author bias in book recommendation,"['S Daniil', 'M Cuper', 'C Liem', 'J van Ossenbruggen']",arXiv preprint arXiv â€¦,2022,", which translates to popularity bias leading to other sorts of data bias as well.  bias within  the book recommendation domain. In this context, book authors are potential recipients of bias",https://arxiv.org/abs/2209.00371
Oxford handbook on AI ethics book chapter on race and gender,['T Gebru'],arXiv preprint arXiv:1908.06165,2019,"bias. While many technical solutions have been proposed to alleviate bias in machine  learning  have never thought about AI ethics except in the abstract, or have only been forced to",https://arxiv.org/abs/1908.06165
"Responsible Operations: Data Science, Machine Learning, and AI in Libraries. OCLC Research Position Paper.",['T Padilla'],NA,2019,"to data science, machine learning, and/or AI efforts in libraries. Investigation should span  development of requirements for library staff and the administrators responsible for guiding,",https://eric.ed.gov/?id=ED603715
"The rise of artificial intelligence in libraries: the ethical and equitable methodologies, and prospects for empowering library users",['JO Hodonu-Wusu'],AI and Ethics,2024,"AI must be deployed in a way that upholds these promises. This study explores the ethical  and equitable use of AI in libraries,  need to consider when implementing AI. The result of the",https://link.springer.com/article/10.1007/s43681-024-00432-7
Position bias in recommender systems for digital libraries,"['A Collins', 'D Tkaczyk', 'A Aizawa', 'J Beel']",International Conference on â€¦,2018,Our research confirms that position bias exists for recommender systems in digital libraries.  The analysis shows that articles recommended at higher positions received significantly,https://link.springer.com/chapter/10.1007/978-3-319-78105-1_37
Fairness-aware configuration of machine learning libraries,"['S Tizpaz-Niari', 'A Kumar', 'G Tan', 'A Trivedi']",Proceedings of the 44th â€¦,2022,"-dominated byÐ´ ifACCMh < ACCMÐ´ and F Mh < F MÐ´ ) and Pareto-bias- low bias (high  fairness) or high bias (low fairness), our goal is to compute Pareto sets for both fairness and bias",https://dl.acm.org/doi/abs/10.1145/3510003.3510202
From Bias to Transparency: Ethical Imperatives in AI-Based Library Cataloging,['H Lowagie'],NA,2023,of cultural perspectives and diverse interpretations of concepts.  of Artificial Intelligence (AI)  and linked subject indexing.  such as machine learning and artificial intelligence (AI) in the,http://repository.ifla.org/handle/123456789/2841
The Role of Artificial Intelligence in Information and Library Science: Opportunities and Ethical Considerations,['D Soni'],Int. J. Res. Humanit. Soc. Sci,2023,Information and Library Science. Overview of the paper's scope focusing on opportunities  AI presents in ILS and the ethical considerations essential for responsible AI integration.,https://www.raijmr.com/ijrhs/wp-content/uploads/2023/12/IJRHS_2023_vol11_issue_07_08.pdf
â€œWhat could go wrong?â€: An evaluation of ethical foresight analysis as a tool to identify problems of AI in libraries,"['H Bubinger', 'JD Dinneen']",The Journal of Academic Librarianship,2024,a tool for identifying potential ethical issues with AI applications in libraries. In  ethical issues  of AI in academic libraries by applying it via an ethical Delphi study of a pilot project using AI,https://www.sciencedirect.com/science/article/pii/S0099133324001046
For an ethics of personalized recommendation at the French National Library,"['C Leclaire', 'L Termignon']",NA,2022,and ethical principles guide the French National Library as it  recommendation system  powered by artificial intelligence (AI)? How does this approach reflect the institution's overall AI,http://repository.ifla.org/handle/123456789/2074
"Ethical Implications of Artificial Intelligence and Machine Learning in Libraries and Information Centres: A Frameworks, Challenges, and Best Practices.",['S Mishra'],Library Philosophy & Practice,2023,"for libraries and information centres, and recommends future  and monitoring of the ethical  implications of AI and ML.  and ethical approach to the use of AI and ML in libraries and",https://search.ebscohost.com/login.aspx?direct=true&profile=ehost&scope=site&authtype=crawler&jrnl=15220222&AN=175555132&h=Zq8lk4hIqArjLFpK9SvOsx5I0KeJbI9ZoTjJde%2BtFTuvs%2FSpXNo64TcGgfZlTE3j5s5P9rH0fmMEVSlVRbXogg%3D%3D&crl=c
Introduction to the Special Issue: Responsible AI in Libraries and Archives,"['S Mannheimer', 'D Rossmann', 'J Clark']",Journal of eScience â€¦,2024,"begin using artificial intelligence (AI) to enhance library services, we also aim to interrogate  the ethical issues that arise. The IMLS-funded Responsible AI in Libraries and Archives",https://scholarworks.umt.edu/ml_pubs/36/
Ethical Considerations of AI Implementation in the Library Era,"['N Rajkumar', 'C Viji', 'A Mohanraj']",Improving Library â€¦,2024,"and fairness, reading how biases in AI systems can  Various methods to mitigating bias  and selling fairness in AI  of AI in digital libraries and the strategic imperatives for ethical and",https://www.igi-global.com/chapter/ethical-considerations-of-ai-implementation-in-the-library-era/347642
Harnessing AI Technologies: Innovations in Literacy Libraries for Diverse Learners,['ZIA Ajwa'],International Journal of Cyber and IT Service â€¦,2024,"in implementing artificial intelligence (AI) in library services.  artificial intelligence into library  services[18]. In this study, the research method used is literature study, by analyzing library",https://iiast.iaic-publisher.org/ijcitsm/index.php/IJCITSM/article/view/145
Ethical implications of implicit bias in AI: Impact for academic libraries,"['K Nayyer', 'M Rodriguez']",NA,2022,"some paths to the ethical use of AI applications in academic libraries. After a general exploration  of the essence of machine learning (ML), this chapter explains what implicit bias is, how",https://ecommons.cornell.edu/bitstream/1813/111207/2/Rise%20of%20AI_Chapter%2013.pdf
Is AI my co-author? The ethics of using artificial intelligence in scientific publishing,"['B Moffatt', 'A Hall']",Accountability in Research,2024,use AI tools  the ethical issues of using new artificial intelligence products in manuscript  writing. We first consider some of the existing arguments disqualifying LLMs as scientific authors,https://www.tandfonline.com/doi/abs/10.1080/08989621.2024.2386285
A pattern-based academic reviewer recommendation combining author-paper and diversity metrics,"['MIM Ishag', 'KH Park', 'JY Lee', 'KH Ryu']",IEEE Access,2019,"ð‘ð‘Žð‘ð‘’ð‘Ÿ ð‘ƒ1 indicate that the paper ð‘ƒ1 is co-authored by ð´ð‘¢ð‘¡â„Žð‘œð‘Ÿ ð´ and ð´ð‘¢ð‘¡â„Žð‘œð‘Ÿ ðµ. In  order to recommend reviewers, this paper defines two kinds of patterns: researcher general-",https://ieeexplore.ieee.org/abstract/document/8625579/
Gendered artificial intelligence in libraries: Opportunities to deconstruct sexism and gender binarism,['LM Brown'],Journal of Library Administration,2022,"libraries remain slow to adopt AI chatbots. All but one (99.38%, n = 160) of the academic  libraries  only eight (5%) of academic libraries in the sample had a chatbot integrated into their",https://www.tandfonline.com/doi/abs/10.1080/01930826.2021.2006979
Actionable approaches to promote ethical AI in libraries,"['H Bubinger', 'JD Dinneen']",Proceedings of the Association for â€¦,2021,"We recommend relevant staff review all kinds of bias via a broad and  also recommend  that LIS research starts to explore library-specific strategies for ensuring ethical outcomes of AI,",https://asistdl.onlinelibrary.wiley.com/doi/abs/10.1002/pra2.528
Dealing with Popularity Bias in Recommender Systems for Third-party Libraries: How far Are We?,"['PT Nguyen', 'R Rubei', 'J Di Rocco']",2023 IEEE/ACM 20th â€¦,2023,"popularity bias. â€“ Through a quantitative study on four TPL RSSEs, we assess their sensitivity  to  bias. â€“ We propose a practical solution to increase fairness in the recommendation lists.",https://ieeexplore.ieee.org/abstract/document/10174041/
Exploring and mitigating gender bias in book recommender systems with explicit feedback,"['S Saxena', 'S Jain']",Journal of Intelligent Information Systems,2024,"In this paper, we address the problem of gender bias in recommender systems  gender  bias present in book rating datasets and in the recommendations produced by the recommender",https://link.springer.com/article/10.1007/s10844-023-00827-8
"Bias, diversity, and challenges to fairness in classification and automated text analysis. From libraries to AI and back","['B Berendt', 'Ã– Karadeniz', 'S KÄ±yak', 'S Mertens']",arXiv preprint arXiv â€¦,2023,risks surrounding bias and unfairness in AI usage in classification and automated text analysis  within the context of library applications. We describe examples that show how the library,https://arxiv.org/abs/2303.07207
Algorithmic bias and research integrity; the role of nonhuman authors in shaping scientific knowledge with respect to artificial intelligence: a perspective,"['MO Oduoye', 'B Javed', 'N Gupta']",International Journal of â€¦,2023,"A basic example of one ethical principle is to treat everyone with respect 19,20 . AI ethics is   ought to operate in order to reduce the ethical problems that AI in human society may cause,",https://journals.lww.com/international-journal-of-surgery/fulltext/2023/10000/algorithmic_bias_and_research_integrity__the_role.12.aspx
Ethnicityâ€based name partitioning for author name disambiguation using supervised machine learning,"['J Kim', 'J Kim', 'J Owenâ€Smith']",Journal of the Association for â€¦,2021,"author names based on ethnicity prior to disambiguation.  preprocessing, blocking and  machine learning steps, this paper  by four different machine learning algorithms applied to four",https://asistdl.onlinelibrary.wiley.com/doi/abs/10.1002/asi.24459
Research ethics and issues regarding the use of ChatGPT-like artificial intelligence platforms by authors and reviewers: a narrative review,['SJ Kim'],Science Editing,2024,of AI-generated content by reviewers and editors. We explored eight specific ethical problems  highlighted by authors  review of five key topics in research ethics. Given that nonacademic,http://escienceediting.org/journal/view.php?number=344
Machine learning optimization of candidate antibody yields highly diverse sub-nanomolar affinity antibody libraries,"['L Li', 'E Gupta', 'J Spaeth', 'L Shing', 'R Jaimes']",Nature â€¦,2023,"By comparing a libraryâ€™s predicted success to actual measurements, we demonstrate  library  success and diversity. Results of our work highlight the significant impact machine learning",https://www.nature.com/articles/s41467-023-39022-2
"Recommendations for the ethical guidelines for publication of scientific studies: The responsibilities of editors, reviewers and the authors","['S Akbulut', 'TT Sahin']",Annals of Medicine and Surgery,2021,"designated as authors should meet all four criteria for authorship '' [11]. The authors of the   , we would like to give our recommendations for authors, editors and the reviewers in order to",https://www.sciencedirect.com/science/article/pii/S2049080121009973
Developing Policies for the Ethical Use of Artificial Intelligence in Higher Education and Libraries,['M Mayton'],NA,NA,"aspect of AI literacy is understanding the ethical use of AI and  , bias, and inaccuracies of  generative AI, it underscores why  â—‹ How transparent will libraries be about what AI tools and",https://arch.astate.edu/cgi/viewcontent.cgi?article=1002&context=lib-facpub
Predicting author gender using machine learning algorithms: Looking beyond the binary,['K Land'],Digital Studies/Le champ numÃ©rique,2020,studies that use machine learning algorithms to identify the gender of the author of fictional   of dividing texts by author gender not only confirms gender stereotypes but reinforces them,https://www.digitalstudies.org/article/10.16995/dscn.362/
AI as a co-author? We should also ask philosophical (and ethical) questions,['A YÄ±ldÄ±z'],European Journal of Therapeutics,2023,"for AIâ€™s position as an author and whether that position is acceptable. Again, should AI be   for the acceptability or position of AI as an author. Without going into deep discussions for",https://eurjther.com/index.php/home/article/view/1723
Machine learning models of text categorization by author gender using topic-independent features,"['A Sboev', 'T Litvinova', 'D Gudovskikh', 'R Rybka']",Procedia Computer â€¦,2016,the comparative study of machine learning techniques for author gender attribution in full-  removing gender bias in topics and genre using corpus with much more number of authors.,https://www.sciencedirect.com/science/article/pii/S1877050916326849
Machine learning-guided co-optimization of fitness and diversity facilitates combinatorial library design in enzyme engineering,"['K Ding', 'M Chin', 'Y Zhao', 'W Huang', 'BK Mai']",Nature â€¦,2024,"To obtain the best experience, we recommend you use a more up to date browser (or turn  off compatibility mode in Internet Explorer). In the meantime, to ensure continued support, we",https://www.nature.com/articles/s41467-024-50698-y
Automatic gender identification of author of Russian text by machine learning and neural net algorithms in case of gender deception,"['A Sboev', 'I Moloshnikov', 'D Gudovskikh']",Procedia computer â€¦,2018,"to solve an author gender identification task for Russianlanguage texts with gender  deception, using different Data-Driven models based on conventional machine learning (Support",https://www.sciencedirect.com/science/article/pii/S1877050918300656
On the Translation Ethics Teaching for University Teachers in the Context of New Artificial Intelligence: Based on the Book Translation Ethics Research,['Y Liang'],"2023 5th International Conference on Literature, Art â€¦",2023,"Generally, this book systematically sorts out ethical issues in translation from three levels:  macro (community with a  The book can be divided into three parts, totaling ten chapters [13].",https://www.atlantis-press.com/proceedings/iclahd-23/125996395
Reviewer recommendations and editors' decisions for a conservation journal: Is it just a crapshoot? And do Chinese authors get a fair shot?,"['A Campos-Arceiz', 'RB Primack', 'LP Koh']",Biological Conservation,2015,"Papers with more consistent reviews (eg both reviewers recommending a major revision)   of editor bias against papers from China; however, reviewer recommendation for papers from",https://www.sciencedirect.com/science/article/pii/S0006320715000956
Judging a Book by its Cover? Examining the Formation of Social Bias by Experiments using Artificial Intelligence Agents,"['JX Wu', 'YD Wu', 'KY Chen', 'JJ Zhang']",â€¦ using Artificial Intelligence â€¦,2022,"artificial intelligence (AI) agents and train them to play the trust game in groups. We find that  AI agents in a community can develop social bias,  In particular, AI agents show significantly",https://papers.ssrn.com/sol3/papers.cfm?abstract_id=4162240
"â€¦ Ethics of Artificial Intelligence in Education: Practices, Challenges and Debates: Abingdon, UK and New York, NY: Routledge. 312 pp. ISBN 9780429329067 (E-Book â€¦",['H Scott'],NA,2024,"with the descriptor of Artificial Intelligence (AI) as a power tool  of grandiose hype which this  book can help readers navigate.  before AI advances, as well as who gets to demand ethical",https://link.springer.com/article/10.1007/s42438-023-00439-z
Adventures of the good AI Å vejk: How a book personage and Construction Grammar can help a machine to understand ethics,['D Kiselev'],NA,NA,"Along with these traits, the paper analyses AI ethics in real life as well as in science fiction   a list of ethical guidelines that the reader is invited to develop upon along the lines of AI and",https://hikima.net/repo/iccg11_adv.pdf
Author Correction: Do no harm: a roadmap for responsible machine learning for health care,"['J Wiens', 'S Saria', 'M Sendak', 'M Ghassemi']",Nature â€¦,2019,Author Correction: Do no harm: a roadmap for responsible machine learning for health care  Author Correction: Do no harm: a roadmap for responsible machine learning for health care,https://pubmed.ncbi.nlm.nih.gov/31537911/
ChatGPT as Co-Author? AI and Research Ethics,['R Sharifzadeh'],Ethics in Progress,2024,justify the presence of non-human authors in some specific and ethically acceptable ways.   -human authorâ€™ and discuss how an artificial intelligence can be considered as a coauthor. I,https://www.ceeol.com/search/article-detail?id=1256526
Deep Learning neural nets versus traditional machine learning in gender identification of authors of RusProfiling texts,"['A Sboev', 'I Moloshnikov', 'D Gudovskikh']",Procedia computer â€¦,2018,"of gender identification of RusProfiling texts without gender  well-known conventional machine  learning algorithms, such as  in the gender identification task with the RusProfiling corpus.",https://www.sciencedirect.com/science/article/pii/S1877050918300668
Authors should be held responsible for artificial intelligence hallucinations and mistakes in their papers,['L Giray'],Journal of the Practice of Cardiovascular Sciences,2023,"-generated advancements blur, the weight of author responsibility looms even larger. As  authors harness the power offered by AI, I believe that authors must remain steadfast in their",https://journals.lww.com/jpcs/_layouts/15/oaks.journals/downloadpdf.aspx?an=01881846-202309020-00015
Responsible practices for responsible libraries: The role of libraries in a world of generative AI,['S SEAH'],NA,2023,"â€¢ While it may seem like AI and evaluating AI is out of our wheelhouse, we do not need to   â€¢ Consume information not only from AI companies, but from computer scientists, AI ethics",https://ink.library.smu.edu.sg/library_research/206/
Enhanced access to recommendations from the Cochrane Handbook for improving authors' judgments about risk of bias: A randomized controlled trial,"['O Barcot', 'M Ivanda', 'I Buljan', 'D Pieper']",Research synthesis â€¦,2021,"In the Cochrane Handbook, the table contains the criteria for judging the risk of bias in the   to the authors was our intervention â€“ the enhanced access to recommendations from the",https://onlinelibrary.wiley.com/doi/abs/10.1002/jrsm.1499
Investigating the use of machine learning algorithms in detecting gender of the arabic tweet author,"['E AlSukhni', 'Q Alequr']",International Journal of Advanced â€¦,2016,"Gender detection is a sub-field of sentiment analysis for extracting and predicting the gender  of a Tweet author. In this paper, we aim to investigate the gender of Tweet authors using",https://pdfs.semanticscholar.org/5791/5d11cb0fb38f81e0ff77937e9f149bd6cf7a.pdf
I Recommend You to Read: XI. Recent Books on Christian Ethics,['CRH Preston'],The Expository Times,1968,"Ethics if one judges by the number of books written within its broad fields of study. Quite  recently the chief assistant in a religious book  these days, and that the books sold well. She had",https://journals.sagepub.com/doi/abs/10.1177/001452466807900502
Machine learning-based library design improves packaging and diversity of adeno-associated virus (AAV) libraries,"['D Zhu', 'DH Brookes', 'A Busia', 'A Carneiro', 'C Fannjiang']",bioRxiv,2021,effort while maintaining diversity of the library. Our overall workflow to enhance a library was  to (i)  to improving packaging and diversity of AAV libraries with machine learning. David V.,https://www.biorxiv.org/content/biorxiv/early/2021/11/04/2021.11.02.467003.1.full.pdf
Depictions of diversity in books recommended for storytime: A cautionary tale,"['E Ingram', 'M Cahill']",Libri,2022,This studyâ€™s revelation of a significant lack of diversity in recommended books from six  the  resources they are using to select books. Professional development in this area starts with self-,https://www.degruyter.com/document/doi/10.1515/libri-2021-0126/html
The Place of Language Model Technology in Library Instruction: Introducing Students to AI and Its Responsible and Practical Use Within the Context of Academic â€¦,['J Cornforth'],NA,2024,"to rethink library instruction on responsible and practical use of artificial intelligence language   This unit, ""Leveraging AI for Social Justice Advocacy,â€ asked students to reflect, discuss,",https://digitalcommons.georgiasouthern.edu/gaintlit/2024/2024/30/
Eliminating bias: enhancing children's book recommendation using a hybrid model of graph convolutional networks and neural matrix factorization,"['L Shen', 'L Jiang']",PeerJ Computer Science,2024,This serious user review bias (as shown in Fig. 1) severely impacts the accuracy of book  recommendation systems. We propose a new bias detection algorithm that uses directed,https://peerj.com/articles/cs-1858/
Authors' reply to â€œcomments on 'researcher bias: The use of machine learning in software defect prediction'â€,"['M Shepperd', 'T Hall', 'D Bowes']",IEEE Transactions on Software â€¦,2017,"In 2014 we published a meta-analysis of software defect prediction studies [1] . This  suggested that the most important factor in determining results was Research Group, ie, who",https://ieeexplore.ieee.org/abstract/document/7990255/
Comparative analysis of machine learning algorithms for author age and gender identification,"['Z Zainab', 'F Al-Obeidat', 'F Moreira', 'H Gul']",â€¦ Conference on Information â€¦,2023,"Thus, a very limited machine learning methodology is proposed for the author profiling in   , a few machine learning algorithms have been used to identify the authorâ€™s gender and age",https://link.springer.com/chapter/10.1007/978-981-19-9331-2_11
Measuring Gender: A Machine Learning Approach to Social Media Demographics and Author Profiling,"['ER Kovacs', 'LA Cotfas', 'C Delcea']",International Conference on â€¦,2023,"is the gender distribution of users. We propose an ensemble of multiple machine learning   an F1 score of 90.24%, then predict the gender of the user based on their name, obtaining an",https://link.springer.com/chapter/10.1007/978-3-031-41456-5_26
Artificial Intelligence and Gender-Fair Language in School Books: Pedagogical Insights from Potentialities of Using An Autocorrect in Education.,"['G Persico', 'M Rosola', 'S Frenda']",SCHOLÃ‰,2024,"bodies issued gender-fair language guidelines, that  gender-fair autocorrect in education.  In particular, we argue that the benefit of such a tool is twofold: on the one hand, it produces fair",https://boa.unimib.it/handle/10281/487579
A machine learning approach for gender identification of Greek tweet authors,"['S Baxevanakis', 'S Gavras', 'D Mouratidis']",Proceedings of the 13th â€¦,2020,a machine learning framework in order to predict the gender of Greek authorâ€™s tweets. While   In this paper an ML approach is presented for predicting the gender of Greek tweet authors.,https://dl.acm.org/doi/abs/10.1145/3389189.3397992
"Education, Disability, and Juvenile Justice: Recommended Practices. Fourth CCBD Mini-Library Series: Addressing the Diverse Needs of Children and Youth â€¦","['RB Rutherford Jr', 'MM Quinn', 'PE Leone', 'L Garfinkle']",NA,2002,"This monograph examines issues associated with the problems of children and youth with  disabilities in the justice system. Following an introductory chapter, chapter 2 focuses on",https://eric.ed.gov/?id=ED458775
Re: Comments on â€œThe Potential of ChatGPT to Transform Healthcare and Address Ethical Challenges in Artificial Intelligence-Driven Medicineâ€: Author â€¦,"['PP Ray', 'P Majumder']","Journal of Clinical Neurology (Seoul, Korea)",2024,"We consider it essential to engage diverse stakeholders, from AI creators to medical experts   on the pivotal ethical and functional aspects required for the optimal use of AI tools such as",https://www.thejcn.com/pdf/10.3988/jcn.2023.0338
The ethics of classifying the world: From library catalogues to AI,"['C Thornley', 'M Bustillo', 'C Schmidt Supprian']",NA,2022,"bias in Library Classification systems, such as the Dewey Decimal System and the Library  of  to concerns about bias in Artificial Intelligence (AI) systems and the ethical impacts of how",https://esource.dbs.ie/bitstream/handle/10788/4358/Thornley.pdf?sequence=1
Novel molecular inhibitor design for Plasmodium falciparum Lactate dehydrogenase enzyme using machine learning generated library of diverse compounds,"['J Kuldeep', 'N Chaturvedi', 'D Gupta']",Molecular Diversity,2024,have not integrated both machine learning and structure-based  combines the power of  generative AI with structure-based  unique and diverse virtual compound libraries to identify,https://link.springer.com/article/10.1007/s11030-024-10960-3
Ethical Recommenders in the Public Library Sector,['S Daniil'],"â€¦ of the 2022 AAAI/ACM Conference on AI, Ethics, and â€¦",2022,"(Google Books,  the author when publicly available (eg, gender, nationality, age). Concurrently,  I am conducting research on diversity measures that have been used in Recommenders",https://dl.acm.org/doi/abs/10.1145/3514094.3539536
A gender identification of text author in mixture of Russian multi-genre texts with distortions on base of data-driven approach using machine learning models,"['A Sboev', 'D Gudovskikh', 'I Moloshnikov']",AIP Conference â€¦,2019,gender identification of text author. In this paper we investigate the questions: 1) to what extent  the machine learning  and gender deceptions worsen the results of gender identification.,https://pubs.aip.org/aip/acp/article-abstract/2116/1/270006/759909
Ethical Considerations and Privacy Concerns in AI-Enabled Libraries,['A Kavak'],Applications of Artificial Intelligence in Libraries,2024,"The primary aim of this chapter is to discuss the ethical  artificial intelligence technologies  in libraries may bring.In particular, it addresses how artificial intelligence can be used in library",https://www.igi-global.com/chapter/ethical-considerations-and-privacy-concerns-in-ai-enabled-libraries/346529
"â€¦ in the development of emotionally competent artificial intelligence, especially regarding the trend towards sex robots? A review of Catrin Misselhorn's most recent book â€¦","['JL Samuel', 'A Schmiljun']",NA,2023,"in combination concerning the topics discussed in this book as well. Shortly afterwards,  Misselhorn  This is not mentioned in the book in-depth, but could pose a problem for emotionally",https://link.springer.com/article/10.1007/s00146-021-01261-6
Gender Equality Trends of First Authors in Publications of Artificial Intelligence and Thyroid,"['SD Chalamalasetti', 'S Tamrakar', 'P Doshi', 'NN Vora']",Cureus,2023,"This study aims to report information on gender equality among authors in thyroid disorders  related specifically to AI. In our study of 254 articles, 43.3% had females as first authors from",https://www.ncbi.nlm.nih.gov/pmc/articles/PMC10593141/
Children's Books Featuring Diverse Family Structures and Living Arrangements: Recommendations for Elementary Teachers,['K Waters'],Papers & Publications: Interdisciplinary â€¦,2017,"If teachers intentionally incorporate books that reflect the lives of  Through a diverse selection  of books, students have  quality childrenâ€™s books representing diverse family structures and",https://papersandpubs.ungjournals.org/articles/53
Breaking Barriers: Investigating Gender Representation in the First Authors of Cardiovascular Disease and Artificial Intelligence Publications,"['S Sharma', 'AA Anghole', 'SB Pathare', 'MR Nagare']",Cureus,2023,"the gender equality ratio of first authors in ""artificial intelligence and  It is critical to investigate  gender representation in this  the gender ratio of first authors in ""artificial intelligence and",https://www.ncbi.nlm.nih.gov/pmc/articles/PMC10590122/
"A library of AI-assisted FAIR water cycle and related disturbance datasets to enable model training, parameterization and validation","['R Crystal-Ornelas', 'C Varadharajan', 'D Christianson']",NA,2021,"Here we describe how FAIR (Findable, Accessible, Reusable, Interoperable AI can be used  to acquire and integrate water cycle data related to extreme events to create a library of FAIR",https://www.ai4esp.org/files/AI4ESP1030_Crystal-Ornelas_Robert.pdf
Research and Application of Multi-level Diverse Intelligent Algorithm Library Based on Artificial Intelligence Computing Platform,"['X Xu', 'J Wang']",IJLAI Transactions on Science and Engineering,2024,"library recommendation [28,29]; How to implement object-oriented personalized algorithm  intelligent recommendation, meet diversity  algorithm library that caters to diverse needs.",http://ijlaitse.com/index.php/site/article/view/44
Is there any gender/race bias in hep-lat primary publication? Machine-Learning Evaluation of Author Ethnicity and Gender,['HW Lin'],arXiv preprint arXiv:2107.12991,2021,"machine learning on author ethnicity, we attempt to study author gender using machine  learning Prior to beginning this phase, we thought machine learning would work well for this",https://arxiv.org/abs/2107.12991
"Beyond data: human rights, ethical and social impact assessment in AI: by Alessandro Mantelero, The Hague, The Netherlands, TMC ASSER Press, 2022, 200pp â€¦",['CD Raab'],NA,2024,"recommendations. Indeed, this flaw was dramatically revealed in 2022 (presumably after this  book had gone to press) when most of its Ethics  of Googleâ€™s ethics advisory council showed",https://www.tandfonline.com/doi/full/10.1080/13600869.2023.2213104
Inclusion of sex and gender instructions to authors and SAGER guidelines recommendations across highest impact oncology journals.,"['MT Bourlon', 'S Jaime', 'E Martinez', 'O Ginsburg']",NA,2023,"authors' material and recorded the frequency with which they referenced SAGER guidelines,  the EQUATOR network, or sex and gender recommendations mentioned sex and gender. Of",https://ascopubs.org/doi/abs/10.1200/OP.2023.19.11_suppl.182
Promoting AI Literacy in Library Research Guides: Practical and Ethical Considerations,"['D Solomon', 'S Baydoun']",NA,2024,library guides that critically engage with Generative AI tools and promote information literacy  principles. Library  the broader societal implications of AI and gain a deeper understanding,https://commons.case.edu/staffworks/23/
Research Library Issues. RLI 299: Ethics of Artificial Intelligence.,['EA Waraksa'],Association of Research Libraries,2019,"library community and others in the research and learning ecosystem on the ethical implications  of artificial intelligence (AI of AI in research library operations, to help shape the research",https://eric.ed.gov/?id=ED602477
Ethics and AI in the Dutch public library sector,['N Bogaards'],NA,2023,"a diverse group of stakeholders was invited to discuss the intersection of ethics, libraries and  AI public libraries plan to proceed to achieve an ethically responsible and safe integration of",http://repository.ifla.org/handle/123456789/2937
A Hybrid Book Recommender System Utilizing Diverse-Item Selection Algorithm,['M Balucha'],NA,NA,the description of the recommending algorithm and diverse-item  a diverse book selection  process responsible for picking the most diverse combination of books from the recommending,https://is.muni.cz/th/zd8v3/455957_martin_balucha_dp.pdf
Libraries and Artificial Intelligence: The Power of Enhancing Data Ethics,['MR Korosec'],â€¦ on Knowledge and Organization Systems in Library â€¦,2021,"In this chapter, the author examines ways in which technologies and libraries are trying to   , the author will examine how to strengthen data ethics in those particular fields of library use",https://www.igi-global.com/chapter/libraries-and-artificial-intelligence/285508
Machine learning-based library design improves packaging and diversity of adeno-associated virus (AAV) libraries,['J Listgarten'],NA,NA,libraries to design libraries that optimally trade off diversity with packaging fitness; (iii) and  that these designed libraries  libraries used today. Our approach can also be used to optimize,https://pdfs.semanticscholar.org/3445/693405442e1b02b48ea85c05e3cf24c15c79.pdf
"Responsible Operations: Data Science, Machine Learning, and AI in Libraries",['R MacGregor'],the american archivist,2020,"data science, machine learning, and AI have on libraries.  ethics of machine learning and  AI in libraries and information has global reach and impact in a digital world, where all libraries",https://meridian.allenpress.com/american-archivist/article-abstract/83/2/483/462529
â€¦ employing machine learning to classify MRI images depicting various disease stages. The author conducted a comparative analysis to assess the efficacy of diverse â€¦,['Z Li'],"Highlights in Science, Engineering and Technology",2024,"Nowadays, Artificial Intelligence (AI) technology has  AI to Medicine. The main reason of  this situation is that the technology is not mature enough and few patients are willing to trust AI",https://drpress.org/ojs/index.php/HSET/article/view/18588
"Books, Bias and other ways to say AI",['A Dix'],NA,NA,sphere including an early introductory AI textbook co-authored  of gender and ethnic bias  in black-box machine learning  of a team establishing a joint AI Centre with Grenoble (on,http://sigchitaly.eu/wp-content/uploads/2020/07/Dix-HCI4AI_Syllabus_paper.pdf
Primed and ready? Ethical guidelines and the adoption of AI tools in research and library work,['LA Nogueira'],Septentrio Conference Series,2023,"beneficial to revise ethical guidelines, less so because AI requires concrete recommendations,  and  Also, new possibilities afforded by AI might put pressure on certain values, such as",https://septentrio.uit.no/index.php/SCS/article/view/7275
A Gender Identification of Russian Text Author on Base of Multigenre Data-Driven Approach using Machine Learning Models,"['A Sboev', 'I Moloshnikov', 'D Gudovskikh']",International Conference â€¦,2018,"gender of author of Russian text are investigated with the purpose to clarify, to what extent  the machine learning  of Russian students (RusPersonality), Gender Imitation corpus, and the",https://myres.net/conferences/index.php/myres/article/view/32
"How great are"" Great Books for Girls?"": an examination of gender messages in recommended literature for adolescent girls",['S Caldrone'],NA,2003,"gender related obstacles, were those obstacles allowed to remain in place unquestioned?  Are these books representing gender bias  Is gender bias represented as something that may",https://huskiecommons.lib.niu.edu/studentengagement-honorscapstones/623/
"â€¦ of environmental health ethics, including risk assessment, precaution, distribution of health risks, ethical decision-making, and global and local issues. I recommend it â€¦","['DB Resnik', 'C Cousins', 'L Westra']",NA,NA,"in this book, differing not only in their focus on the ethical implications for science and  technology but also with respect to the application of research results in the regulatory and policy",https://api.taylorfrancis.com/content/books/mono/download?identifierName=doi&identifierValue=10.4324/9781315643724&type=googlepdf
"â€¦ and recommendations are those of the authors and compilers of this report, and do not necessarily reflect the views of the Swedish Government. Authors and â€¦","['V Chernysh', 'V Voronina']",NA,2020,"Over the six years of the ongoing armed conflict in eastern Ukraine, both the Ukrainian authorities  and international partners have invested a lot of efforts into crisis response and conflict",https://censs.org/wp-content/uploads/2021/05/FBA_CENSS-Report_ENG_11_print.pdf
Book review: Is artificial intelligence racist? The ethics of AI and the future of humanity,['M Soprana'],LSE Review of Books,2024,bookâ€™s stated ambition is to â€œcontribute to the supervision of AI systems in accordance with  shared ethical  It flags dangerous dilemmas created by AI which humanity never faced before,https://eprints.lse.ac.uk/122203/
The synthesis of a diverse library of AI-2 analogs to investigate bacterial quorum sensing,['JA Smith'],NA,2011,new facile synthesis of AI-2 was achieved and this new methodology was adapted to the  synthesis of a library of analogs. These analogs were screened for their ability to modulate AI-2,https://drum.lib.umd.edu/items/f2a432da-b9c9-4068-b0db-33511ea24511
"â€¦ /construction contracting in Europe. Including, as it does, extensive input from so many eminent European experts, I have no hesitation in recommending it as a â€¦","['S Fahey', 'C Engineer', 'C Arbitrator']",NA,NA,This excellent book will be a first point of reference for all of those involved. Christopher   team of authors to comment upon the use of these forms across Europe. This book will be,https://api.taylorfrancis.com/content/books/mono/download?identifierName=doi&identifierValue=10.4324/9781003201236&type=googlepdf
â€¦ to measure undergraduate students' attitudes toward the ethics of artificial intelligence (AT-EAI) and analysis of its difference by gender and experience of AI â€¦,"['Y Jang', 'S Choi', 'H Kim']",Education and Information â€¦,2022,Author Correction: Development and validation of an instrument to measure  undergraduate studentsâ€™ attitudes toward the ethics of artificial intelligence (AT-EAI) and,https://search.proquest.com/openview/480d8bf92a438e3a82f5b8f4defd959e/1?pq-origsite=gscholar&cbl=55384
Script for Exploring Author Gender in Book Rating and Recommendation,"['MD Ekstrand', 'D Kluver']",NA,2021,"MIT License Copyright (c) 2021 Michael D. Ekstrand and Daniel Kluver. Permission is hereby  granted, free of charge, to any person obtaining a copy of this software and associated",https://scholarworks.boisestate.edu/cs_scripts/9/
"â€¦ theo-logical and practical guidance on preventive maintenance in ethics, counsel-ing, preaching, and finances. I recommend this book to those beginning in â€¦","['MT Marshall', 'A Dearman']",NA,NA,Ethics in Christian Ministry offers well-honed wisdom drawn from a life of pastoral ministry and  Christian education. The author  I will commend this book for courses in ministry ethics and,https://lillenasdrama.com/vcmedia/2426/2426479.pdf
â€¦ behaviors of young female sex workers and policy recommendations for the prevention of sexually transmitted infections in Taiwan/Authors' response to commentary â€¦,"['JF Syu', 'CY Lew-Ting', 'MY Yen']",Taiwan Gong Gong â€¦,2012,in-depth interviews with female sex workers under 30 years of  Results: A total of 19 young  female sex workers participated  Conclusions: We recommend a preventive strategy of harm,https://search.proquest.com/openview/bb0b536fb9706578c38c9a2c49c8cc3e/1?pq-origsite=gscholar&cbl=806341
From Books to Bots: Scaffolding Ethical and Critical Use of Generative Artificial Intelligence,"['K Oddone', 'K Garrison']",IASL Annual â€¦,2023,"Therefore, as access to generative AI tools such as DALL-E2 and ChatGPT grows, it is  likely that those who work in school libraries will be expected to develop their awareness of",https://journals.library.ualberta.ca/slw/index.php/iasl/article/download/8740/5201
"Recommendations for Action on the Gender Dimension in Science, EU FP7 Report to the European Commission: Authors: Pollitzer E., Crane E., Dale H â€¦","['L Husu', 'E Pollitzer', 'J Hearn']",NA,2010,"recommendations in four priority areas. All of these recommendations are meant to be part  of an overall gender  That is, the recommendations address designing sex and gender",https://www.diva-portal.org/smash/get/diva2:547295/FULLTEXT01.pdf
Gender representation in English and Mandarin children's books recommended by Singapore's National Library Board (NLB),['GJX Lee'],NA,2022,Books recommended by early reading programmes play a pivotal role in shaping young  childrenâ€™s knowledge of gender  Mandarin fiction books from NLBâ€™s recommended reading list,https://dr.ntu.edu.sg/handle/10356/159974
'Ethical Machines' breaks down AI ethical risk mitigation planning: It's only a matter of time before regulators legislate how companies vet artificial intelligence. Reid â€¦,['A Mcdevitt'],Compliance Week,2022,"the book, Blackman poked fun at the three most talked about problems in AI ethics: bias,   Everyone knows they are critical challenges, but the alleged ""subjectivity"" of ethics muddies",https://go.gale.com/ps/i.do?id=GALE%7CA739271905&sid=googleScholar&v=2.1&it=r&linkaccess=abs&issn=1549957X&p=HRCA&sw=w
"The views and recommendations expressed by the authors are entirely their own and do not necessarily reflect the views of the editors, the school or the â€¦","['A Azman', 'MT Mohammad', 'PSJ Singh']",NA,2015,The 2nd International Social Work Conference 2015 â€“ Celebrating Diversity in One  World  The emerging changes in the age and sex structure of  It concludes with,https://www.academia.edu/download/40756457/1_SARCC.pdf
Do authors report ethical approvals and seek informed consent in mental health and artificial intelligence studies?,"['LC Budler', 'G Stiglic']",NA,2023,"reporting ethical issues. Also, it is not known whether or to what extent authors seek for ethical   in the field of AI and mental health in order to see how reporting of ethical principles was",https://osf.io/xn6sy/resources
A Machine-Learning Investigation into Publication Bias in Author Ethnicity and Gender,['HW Lin'],APS April Meeting Abstracts,2022,or gender bias in the journal-publication process. We implement machine learning to predict  the race and gender of authors  publication outcomes based on author classification. We,https://ui.adsabs.harvard.edu/abs/2022APS..APRF01048L/abstract
"â€¦ facts, and actionable recommendations, A Clinician's Guide to Gender-Affirming Care is a powerful actualization of the authors' commitments to creating trans â€¦",['L Zheng'],NA,NA,We recommend against using the term preferred pronoun or preferred gender pronoun (PGP)  for the same reasons we avoid referring to someoneâ€™s name as a preference. For trans,https://transreads.org/wp-content/uploads/2023/11/A-Clinicians-Guide-to-Gender-Affirming-Care-Working-with-Sand-C.-Chang-Anneliese-A.-Singh-lore-m.-dickey-Paperback-2018-Context-Press-9781684030521-95d83065e3b97751ced0769a0b878148-Annas-Archi.pdf
"â€¦ research interests include bioethics, machine ethics, artificial intelligence ethics, issues in normative ethics, and me-taethics. He is the author of Sex Robots: Love in â€¦",['MD Garasic'],NA,NA,"He focuses on applied ethics and political philosophy. Kershnar has written more than one  hundred articles and book chapters on such diverse topics as abortion, affirmative action,",https://www.pdcnet.org/ijap/content/ijap_2023_0037_0001_0161_0162
"â€¦ to the same source...'. She solicited his help in self-publishing her poem, since Murray had declined it. In the event, whether recommended by Montgomery or Southey â€¦",['V Blain'],Caroline Bowles Southey,2019,"She did revise, with his generously proffered help, but Murray de clined to publish, saying  that although he liked the poem, only famous names would sell nowadays (Dowden, pp. 13-14",https://www.taylorfrancis.com/chapters/edit/10.4324/9780429459375-31/reply-written-without-delay-single-post-sincere-pleasure-ibid-5-warning-booksellers-liberal-amiable-men-constant-attention-profit-loss-neither-wholesome-heart-understand%C2%AD-ing-ibid-assuring-found-poem-painful-like-ibid-6-always-protest-choice-pathetic-tragic-subjects-offered-recommend-publisher-john-murray-would-revise-little-although-immedi%C2%AD-ately-convinced-genius-felt-said-needed-precision-thought-language-women-education-fits-badly-ibid-10-revise-generously-proffered-help-murray-de%C2%AD-clined-publish-saying-although-liked-poem-famous-names-would-sell-nowadays-dowden-pp-13-14-southey-ad%C2%AD-vised-write-poem-saleable-subject-local-interest-new-forest-rich-history-splendid-scenery-evidently-however-motives-immediate-sales-never-took-advice-wrote-1820-another-poet-shared-mutual-acquaintances-james-montgomery-1771-1854-edited-sheffield-iris-30-years-letter-still-exists-held-beinecke-library-yale-nature-bestowed-wrote-often-mistaken-genius-strong-bias-poetry-facility-writing-verse-also-frequently-falsely-attributed-source-solicited-help-self-publishing-poem-since-murray-declined-event-whether-recommended-montgomery-southey-unknown-longmans-published-ellen-fitzarthur-metrical-tale-five-cantos-1820-successful-enough-followed-second-edition-1822-measure-southey-real-kindness-fine-tact-well-genuine-interest-curiosity-young-writer-yet-met-taken-two-letters-wrote-1819-one-doctor-bristol-period-life-caroline-bowles-virtually-invalid-expecting-live-long-physi%C2%AD-cally-tiny-sickly-child-young-adult-plagued-kind-vague-distressing-symptoms-severe-headache-neuralgia-dizziness-put-largely-negative-effects-constraining-cultural-conditions-gifted-young-middle-class-women-period-although-case-one-suspects-better-knowledge-nutrition-would-served-well-chop-glass-sherry-idea-healthy-meal-may-1819-gone-stay-relation-bristol-search-health-change-air-scenery-doubt-still-suffering-depression
Recommendations on ethical aspects included in the instructions to authors: analysis of 139 Brazilian Scientific Journals,"['T Sardenberg', 'SS MÃ¼ller', 'HR Pereira']",Revista da AssociaÃ§Ã£o â€¦,1999,Analysis of the ethical recommendations in instructions to authors may contribute to   recommendations related to the ethics of investigation in human subjects in instructions to authors of,https://www.scielo.br/j/ramb/a/fLPWS54xFjvCryc4RrTXHLG/abstract/?format=html&lang=en
"PYTHON SOFTWARE FOR GENDER DETECTION USING ARTIFICIAL INTELLIGENCE LIBRARIES TENSORFLOW, CNN, KERAS, OPENCV ON LIVE WEB â€¦","['E Bajrami', 'F Halili']",NA,NA,"gender classification using a convolutional neural network (CNN) from human facial images  and other AI libraries  Webcam for gender detection. Keywords: CNN, Human, Recognition,",https://www.researchgate.net/profile/Enes-Bajrami/publication/360120489_PYTHON_SOFTWARE_FOR_GENDER_DETECTION_USING_ARTIFICIAL_INTELLIGENCE_LIBRARIES_TENSORFLOW_CNN_KERAS_OPENCV_ON_LIVE_WEB_CAMERA/links/62630c928e6d637bd1f51958/PYTHON-SOFTWARE-FOR-GENDER-DETECTION-USING-ARTIFICIAL-INTELLIGENCE-LIBRARIES-TENSORFLOW-CNN-KERAS-OPENCV-ON-LIVE-WEB-CAMERA.pdf
"In the article,â€œArtificial Intelligence and Surgery: Ethical Dilemmas and Open Issues,â€ which appeared in the August 2022 issue of the Journal of the American College â€¦","['L Cobianchi', 'JM Verde', 'TJ Loftus', 'D Piccolo', 'BSE MD']",NA,NA,For Authors,https://journals.lww.com/journalacs/citation/9900/correction.871.aspx
"â€¦ use. It is recommended that for the results of a comparative study to be valid, the investigators must be equally proficient with tested device in order to avoid bias [3] â€¦","['FS Xue', 'C Sun', 'GP Liu']",NA,NA,"Second, one of main aims of this study was to assess the glottic injuries by the DLT placement  and the resistance to pass the DLT through the glottis was used a primary endpoint.",https://www.bjanaesthesia.org/cms/10.1093/bja/aev414/attachment/0783e3ff-cce5-4e99-b09c-8a0531024f70/mmc1.zip
"â€¦ the 29th Annual National Congress of the Rural Sociological Association of Nigeria (RuSAN) 200 CONCLUSION AND RECOMMENDATION Indeed, climate variations â€¦","['TO Ogunseitan', 'RA Lawal']",NA,2020,"Using of irrigation system and improved varieties were recommended. Keywords: Climate  variation, small holder  Using of irrigation system and improved varieties were recommended.",http://eprints.federalpolyilaro.edu.ng/2295
Harmony in Diversity: Recommendations for Effective Library Service to Asian Language Speakers.,['P Wong'],NA,1998,"This document, to provide for effective library service to Asian language speakers, includes   of the library. Also included is a separate document containing recommendations for library",https://eric.ed.gov/?id=ED438839
Harmony in Diversity: Recommendations for Effective Library Service to Asian Language Speakers,['SG Keller'],NA,1998,,missing
What do artificial intelligence (AI) and ethics of AI mean in the context of research libraries,['ML Kennedy'],NA,NA,,missing
â€¦ has been the special task and achievement of school library teachers (Thomas 2004). The Massachusetts Recommended PreKâ€“12 Information Fluency â€¦,"['V Diggs', 'K Dubrovsky', 'DC Owen', 'C Holley']",NA,NA,,missing
"â€¦ in advanced undergraduate courses and graduate seminars on race and ethnicity and urban politics, this thought-provoking book is highly recommended.","['JD Griffin', 'SL Hettinger', 'L Wendy']",NA,NA,,missing
"ownvoices, to recommend kidlit about diverse characters written by authors from that same diverse group.[Tweet]",['C Duyvis'],NA,NA,,missing
Application Research Based on Word2vec Diversity in Library Recommender System,"['R Guangce', 'X Fan', 'T Shiwen']",Libraly Journal,2020,"into the library recommendation system, and discuss the problem of the recommendation  diversity. First,  our method has a good impact on the recommendation diversity",http://www.libraryjournal.com.cn/EN/abstract/abstract1789.shtml
"AI, ethics, and libraries: a literature review",['S Chowdhury'],NA,NA,,missing
"â€¦ It is strongly recommended that individuals do not use the HSPLS network to transmit personal, financial, or legal data. The library is not responsible for malicious theft â€¦",['AU Policy'],POLICY,NA,"The library assumes no responsibility for the safety of equipment or for harm done to  laptop or smart device configurations, security, or data files resulting from connection to the",https://boe.hawaii.gov/wp-content/uploads/2024/07/600-7-06-21-2016.pdf
"What do artificial intelligence (AI) and ethics of AI mean in the context of research libraries. Research Library Issues, 299, 3-13",['ML Kennedy'],NA,NA,,missing
"Responsible Operations: Data Science, Machine Learning, and AI in Libraries (Dublin, OH: OCLC Research, 2019)",['T Padilla'],NA,NA,,missing
The ethics of AI in digital libraries: A review,"['G Bello-Orgaz', 'D Camacho']",NA,NA,,missing
Application Research on diversity of Library recommendation system based on word2vec,"['GC Ruan', 'F Xie', 'SW Tu']",NA,NA,,missing
Ethics of Artificial intelligence explored in Research library,['ML Kennedy'],NA,NA,,missing
General recommendations of the National Board for Laboratory Animals on the treatment of certain matters relating to ethical reviews of the use of animals â€¦,"['Anon.', 'O Lundgren']",â€¦ Relating to the â€¦,1994,,missing
Oxford Handbook on AI Ethics Book Chapter on Race and Gender.(Aug,['T Gebru'],NA,NA,,missing
"Responsible operations: Data science, machine learning, and AI in libraries. OCLC",['T Padilla'],NA,NA,,missing
The Ethics of AI and Robotics: A Buddhist Viewpoint.-Lanham: Lexington Books,['S Hongladarom'],NA,NA,,missing
"Responsible Operations: Data Science, Machine Learning, and AI in Libraries",['P Thomas'],NA,NA,,missing
The Unfairness of Popularity Bias in Book Recommendation. arXiv 2022,"['M Naghiaei', 'HA Rahmani', 'M Dehghan']",NA,NA,,missing
"Responsible operations: data science, machine learning, and AI in libraries, 2019",['T Padilla'],NA,NA,,missing
â€¦ and AI plagiarism in academia: students' understanding of author ethics and the problem of plagiarism as they interact with generative artificial intelligence â€¦,['PV Sysoev'],NA,NA,,missing
"Fair Use, AI Author and Inventor Take Centre Stage at the Industry 4.0 and Intellectual Property Colloquium",['D Oriakhogba'],NA,2019,,missing
How much PhiX spike-in is recommended when sequencing low diversity libraries on Illumina platforms?,['Illumina'],NA,NA,,missing
"Artificial Intelligence in Oncology: Current Capabilities, Future Opportunities, and Ethical Considerations. American Society of Clinical Oncology â€¦","['JT Shreve', 'SA Khanani', 'TC Haddad']",NA,NA,,missing
Jill Watson doesn't care if you're pregnant: Grounding AI ethics in empirical studies.(2017). Georgia Tech Library,"['B Eicher', 'L Polepeddi', 'A Goel']",NA,NA,,missing
"Responsible operations: Data science, machine learning, and AI in libraries. OCLC RESEARCH POSITION PAPER, Dublin, Ohio: OCLC Research",['T Padilla'],NA,NA,,missing
"â€¦ 2015 recommendation on museums and collections: recommendation concerning the protection and promotion of museums and collections, their diversity â€¦",['UNESCO'],NA,NA,,missing
Unbiased AI for Poetry Analysis: Toward Equitable and Diverse Digital Libraries,['K Choi'],NA,NA,,missing
Recommended reading: Diverse & inclusive books for children,['American Academy of Pediatrics'],NA,NA,,missing
"ETHICAL THEORIES-BOOK OF READINGS-MELDEN, AI",['G PAPPAS'],NA,1967,,missing
Medical ethics books; some recommendations for doctors,['G KELLY'],The Linacre quarterly,1951,"Medical ethics books; some recommendations for doctors  Books* Ethics, Medical*",https://pubmed.ncbi.nlm.nih.gov/14862254/
UC Berkeley Library to Copyright Office: Protect fair uses in AI training for research and education. Berkeley Library Update,['S Rachael'],NA,NA,,missing
Delivering Information Ethics-Compliant Services in University Libraries: Challenges and Recommendations,['J Yusuf'],NA,NA,,missing
"â€¦ ag (2019),'A Framework for Understanding Unintended Consequences of Machine Learning'. elwall, M.(2019),'Reader and Author Gender and Genre in â€¦",['H Suresh'],NA,NA,,missing
Recommendations for Teaching Ethics in the Library and Information Science Program at the College of St. Catherine,['KD Rickert'],NA,2006,,missing
Check list for class bias and some recommended books,['National Association for the Teaching of English '],NA,NA,,missing
"Blay Whitby, Reflections on Artificial Intelligence: The Legal, Moral, and Ethical Dimensions, Exeter, UK: Intellect Books, 1996, 127 pp.,Â£ 14.95 (paper) â€¦",['SL Edgar'],Minds and Machines,1999,"AI and the law, though I think the chapters on AI and ethics should have come first, since ethics   Note that Aristotle ends his Nichomachean Ethics by saying, in essence, that now that we",https://link.springer.com/article/10.1023/A:1008386918079
would highly recommend this book to all practitioners and associated specialties involved in the management of thyroid cancer. The book is clearly and â€¦,['I Overall'],NA,NA,,missing
Trends in the Treatment of Sex Education as a Subject in Children's Books Recommended by the Children's Catalog,['LA Martin'],NA,1972,,missing
"AI, Bias, and Libraries",['V Ramshaw'],NA,2024,"AI, Bias, and Libraries",https://ourspace.uregina.ca/items/0c120c04-43e9-406b-b005-26e6e5aaf9f5
"Artificial Intelligence & Implicit Bias: With Great Power Comes Great Responsibility, CanLII Authors Program. 2020","['KP Nayyer', 'M Rodriguez', 'SA Sutherland']",NA,NA,,missing
â€¦ a sex education book that parents and young peo-ple can read together and use as a basis for further dis-cussion. It is well done and highly recommended â€¦,['P Parenthood'],NA,NA,,missing
Ethics in scientific publication: Observations of an editor and recommended best practices for authors,['KS Schanze'],ABSTRACTS OF PAPERS OF â€¦,2014,,missing
Putting women first: Ethical and safety recommendations for research on domestic violence against women. geneva: Author. has received CIeT training on â€¦,['World Health Organization'],NA,NA,,missing
"Computer Programming And Cyber Security for Beginners: This Book Includes: Python Machine Learning, SQL, Linux, Hacking with Kali Linux, Ethical â€¦",['Z Codings'],NA,NA,,missing
"Fairness and machine learning. Online Book, fairmlbook. org","['S Barocas', 'M Hardt', 'A Narayanan']",NA,NA,,missing
â€¦ of Recommendation 36: That All the University of Sydney Libraries be Managed as One Library System for which the University Librarian is Responsible,['University of Sydney. Library Review Implementation '],NA,1994,,missing
â€¦ libraries through big data and artificial intelligenceâ€“Invited talk at the 9th International Conference on Qualitative and Quantitative Methods in Libraries  â€¦,['M van Otterlo'],NA,NA,,missing
"Ethical Theories: A Book of Readings. AI Melden, Editor. 2d Ed.[with Revisions].",['AI Melden'],NA,1964,,missing
"Ethical Implications of Implicit Bias in AI: Impact for Academic Librariesï»¿",['RC Law'],NA,NA,,missing
"[BOOK REVIEW] Critique of applied ethics, reflections and recommendations","['A Edel', 'E Flower', ""FW O'Connor""]",Hastings Center Report,1995,"[BOOK REVIEW] Critique of applied ethics, reflections and recommendations  [BOOK  REVIEW] CRITIQUE OF APPLIED ETHICS, REFLECTIONS AND RECOMMENDATIONS",https://elibrary.ru/item.asp?id=8680578
"A responsible work of this department is the preparation of lists of recommended books for libraries, institutions, and individuals who apply for suggestions â€¦",['B Lists'],NA,NA,,missing
Diversity Climate Assessment for the University Libraries: Feedback Report and Recommendations,"['DV Day', 'WE Cross']",NA,1996,,missing
"â€¦ in 1509 to the university of Heidelberg, which however he quitted in 1512 for that of TÃ¼bingen, where he remained till, on the recommendation of his friend â€¦",['MEL MEL'],NA,NA,,missing
"â€¦ Health Information Management Association (AHIMA), the American Nurses Association. Recommendations for responsible monitoring and regulation of â€¦","['RA Miller', 'RM Gardner']",NA,NA,,missing
"Too Diverse to BeDiversity'Is it"" harassment"" to recommend a book?",['C Young'],REASON-SANTA BARBARA THEN LOS â€¦,2006,,missing
"Fair data generation and machine learning through generative adversarial networks (Chap. 3). R. Razavi-Far et al.(eds.), Generative Adversarial Learning â€¦","['X Wu', 'D Xu', 'S Yuan', 'L Zhang']",NA,2021,,missing
"Fairness-aware configuration of machine learning libraries, in 2022 IEEE/ACM 44th International Conference on Software Engineering (ICSE), 2022","['S Tizpaz-Niari', 'A Kumar', 'G Tan', 'A Trivedi']",NA,NA,,missing
Sex education books for teenagers recommended in all editions of the Standard Catalog for High School Libraries,['P Loving'],NA,1966,,missing
"â€¦ of machine learning and deep learning for privacy and cybersecurity Advances in information security, privacy, and ethics (AISPE) book series./Victor Lobo â€¦","['C Anacleto', 'L Victor']",NA,NA,"""This comprehensive and timely book provides an overview of the field of Machine and  Deep Learning in the areas of cybersecurity and privacy, followed by an in-depth view of",https://dspace.kpfu.ru/xmlui/handle/net/180766
Letters of recommendation: effects of writing style and gender on judgments about the author and the applicant,['JD Smith'],NA,1987,,missing
Engineering CNS-targeted AAV capsids from massively diverse libraries using machine learning,"['DJ Huss', 'TA Packard', 'E Cates']",HUMAN â€¦,2022,,missing
Responsible AI and ethical issues for businesses and governments Advances in human and social aspects of technology book series./Bistra Vassileva â€¦,"['V Bistra', 'Z Moti']",NA,NA,"Responsible AI and ethical issues for businesses and governments Advances in human  and social aspects of technology book series./ Bistra Vassileva, Moti Zwilling, [editors]",https://dspace.kpfu.ru/xmlui/handle/net/182406
"â€¦ diverse viewpoints and research approaches and as such, should not be interpreted as either a comprehensive literature search or a recommendation of â€¦",['SJ Beck'],NA,NA,,missing
COMMENTS-There's Nothing New Around the Sun: Everything You Think of Has Been Done-Comments on the recommendations concerning copyright in â€¦,['P Groves'],NA,NA,,missing
"â€¦ fragment-based drug discovery: from QM calculations, machine learning and tailor-made tools for library design to the experimental evaluation of diversity â€¦",['J Heidrich'],NA,2018,"Facilitating the application of halogen bonding in fragment-based drug discovery : from QM  calculations, machine learning and tailor-made tools for library design to the experimental",https://tobias-lib.ub.uni-tuebingen.de/xmlui/handle/10900/92351
Engineering AAV Capsids with CNS-Targeted Biodistribution from Massively Diverse Libraries Using Machine Learning,"['TA Packard', 'E Cates', 'J Bazinet']",MOLECULAR â€¦,2022,,missing
â€¦ theory; Part III. Diversification and Subjective Views; 7. Diversification in modern portfolio theory; 8. Stability: a first look; 9. Diversification and stability in â€¦,"['R Rebonato', 'A Denev']",NA,2014,,missing
â€¦ theory; Part III. Diversification and Subjective Views; 7. Diversification in modern portfolio theory; 8. Stability: a first look; 9. Diversification and stability in â€¦,"['R Rebonato', 'A Denev']",NA,2013,,missing
"â€¦ . Students will be responsible for reading three books upon return to school in the fall. While the books on the list are recommended, they may supplement â€¦","['K Koenig', 'M Lebowitz', 'N Snyder']",NA,NA,,missing
â€¦ Dental Association Film Library/List of certified dental materials/Swedish report on sugar and dental caries: findings and recommendations of the Royal â€¦,"['J Council', 'B of Library']",The Journal of the â€¦,1954,,missing
Ø£Ø®Ù„Ø§Ù‚ÙŠØ§Øª ÙˆØªØ·Ø¨ÙŠÙ‚Ø§Øª Ø§Ù„Ø°ÙƒØ§Ø¡ Ø§Ù„Ø¥ØµØ·Ù†Ø§Ø¹Ù‰ ÙÙ‰ Ø§Ù„Ù…ÙƒØªØ¨Ø§Øª: Ù…Ø±Ø§Ø¬Ø¹Ø© Ø¹Ù„Ù…ÙŠØ© Ethics of Applications of Artificial Intelligence in libraries: A Scientific Reviewâ€Ž,['Ø¯/Ø§Ù…Ù„ Ø­Ø³ÙŠÙ† Ø¹Ø¨Ø¯Ø§Ù„Ù‚Ø§Ø¯Ø± Ø¹Ù„Ù‰'],"Ù…Ø¬Ù„Ø© Ú©Ù„ÙŠØ© Ø§Ù„Ø¢Ø¯Ø§Ø¨. Ø¬Ø§Ù…Ø¹Ø© Ø¨Ù†ÙŠ â€¦, 2024â€Ž",NA,"Egyptâ€™s interest in artificial intelligence applications, and the  an ethics policy for artificial  intelligence applications in libraries  and information ethics as they relate to artificial intelligence.",https://journals.ekb.eg/article_355559.html
"BOOK REVIEW: ALEÅ  ZAVRÅ NIK AND KATJA SIMONÄŒIÄŒ (EDS.), LAW AND ARTIFICIAL INTELLIGENCE: ISSUES OF ETHICS, HUMAN RIGHTS, AND SOCIAL â€¦",['I VidakoviÄ‡'],Pravni vjesnik: Äasopis za pravne i druÅ¡tvene znanosti â€¦,2024,"Published in 2023 by the publisher ""Dobra knjiga"" from Sarajevo, the book comes with an   of the book is the adaptation of complex and internationalized terms specific to the AI field.",https://hrcak.srce.hr/clanak/457705
â€¦ -nur eine neue technische oder auch eine ethische Herausforderung fÃ¼r Bibliotheken? Artificial Intelligence-Just another technical and ethical challenge for Libraries?,"['B Lison', 'E Boekesteijn', 'J Willem']",NA,2020,"The future of libraries cannot be imagined without the use of artificial intelligence. However,  this  work is related to AI, as well as at decision-makers and people in library management.",https://opus4.kobv.de/opus4-bib-info/frontdoor/index/index/docId/17245
Expressions of gender-biased language in the work â€œAi Tu Vanâ€ of the female author LÃª Ngá»c HÃ¢n,['HT Vo'],Science and Technology Development â€¦,2015,"We want to go through â€œAi TÆ° VÃ£nâ€ to learn more about the social factors which exerted  influences on the authorâ€™s language in the work, especially the influences of gender on the author",http://stdj.scienceandtechnology.com.vn/index.php/stdj/article/view/1047
"â€¦ gender and information systems, AI, and computer ethics. Recent books include Artiï¬cial Knowing: Gender and the Thinking Machine (Routledge, 1998) and Gender â€¦","['M Breinbjerg', 'WHK Chun']",Software Studies: A Lexicon,2008,"He is the author of numerous books and articles; those that have been translated into  and  artiï¬cial intelligence, forging a new art practice and research discipline called Expressive AI.",https://books.google.com/books?hl=en&lr=&id=LFJ3ashVBuIC&oi=fnd&pg=PA313&dq=+(book+OR+books+OR+author+OR+authors+OR+library+OR+libraries)+(recommend+OR+recommended+OR+recommending+OR+recommends+OR+recommendation+OR+recommendations+OR+recommender+OR+recommenders+OR+%22artificial+intelligence%22+OR+AI+OR+%22machine+learning%22)+(ethics+OR+ethical+OR+responsible+OR+bias+OR+fair+OR+diverse+OR+diversity+OR+diversification+OR+fairness+OR+gender+OR+sex+OR+nationality+OR+ethnicity+OR+race+OR+religion)&ots=G5-ibC-CfV&sig=4WhXIyjtG_7xY6sDHXyHOhHbzi4
â€¦ e Igualdade de GÃ©nero em Portugal).[Policy Brief IIIâ€”Main Conclusions and Recommendations of the White Book. Men and Gender Equality in Portugal],"['K Wall', 'V Cunha', 'S Atalaia', 'L Rodrigues']",NA,2016,,missing
